Workbook

Sheet Adj Close Prices
A1: Date | B1: ARCC | C1: TSLX | D1: FSK | E1: ^GSPC
A2: 45076 | B2: 14.23 | C2: 13.69 | D2: 12.28 | E2: 4205.52
A3: 45077 | B3: 14.13 | C3: 13.62 | D3: 12.24 | E3: 4179.83
A4: 45078 | B4: 14.34 | C4: 13.96 | D4: 12.36 | E4: 4221.02
A5: 45079 | B5: 14.39 | C5: 13.95 | D5: 12.42 | E5: 4282.37
A6: 45082 | B6: 14.38 | C6: 14.08 | D6: 12.49 | E6: 4273.79
A7: 45083 | B7: 14.38 | C7: 14.06 | D7: 12.58 | E7: 4283.85
A8: 45084 | B8: 14.35 | C8: 14.15 | D8: 12.58 | E8: 4267.52
A9: 45085 | B9: 14.38 | C9: 14.17 | D9: 12.55 | E9: 4293.93
A10: 45086 | B10: 14.41 | C10: 14.17 | D10: 12.55 | E10: 4298.86
A11: 45089 | B11: 14.36 | C11: 14.3 | D11: 12.45 | E11: 4338.93
A12: 45090 | B12: 14.36 | C12: 14.34 | D12: 12.5 | E12: 4369.01
A13: 45091 | B13: 14.33 | C13: 14.25 | D13: 12.42 | E13: 4372.59
... A753: 46170 | B753: 18.81 | C753: 17.35 | D753: 10.8 | E753: 7563.62
A755: RETURN METRICS
A756: Total Return | B756: =(B753-B2)/B2 | C756: =(C753-C2)/C2 | D756: =(D753-D2)/D2 | E756: =(E753-E2)/E2
A757: CAGR | B757: =(B753/B2)^(252/(ROWS(B2:B753)-1))-1 | C757: =(C753/C2)^(252/(ROWS(C2:C753)-1))-1 | D757: =(D753/D2)^(252/(ROWS(D2:D753)-1))-1 | E757: =(E753/E2)^(252/(ROWS(E2:E753)-1))-1
A758: Annualized Return | B758: =AVERAGE('Daily Returns'!B2:'Daily Returns'!B752)*252 | C758: =AVERAGE('Daily Returns'!C2:'Daily Returns'!C752)*252 | D758: =AVERAGE('Daily Returns'!D2:'Daily Returns'!D752)*252 | E758: =AVERAGE('Daily Returns'!E2:'Daily Returns'!E752)*252
A759: Annualized Volatility | B759: =STDEV('Daily Returns'!B2:'Daily Returns'!B752)*SQRT(252) | C759: =STDEV('Daily Returns'!C2:'Daily Returns'!C752)*SQRT(252) | D759: =STDEV('Daily Returns'!D2:'Daily Returns'!D752)*SQRT(252) | E759: =STDEV('Daily Returns'!E2:'Daily Returns'!E752)*SQRT(252)
A761: RISK METRICS (95% confidence)
A762: Max Drawdown * | B762: -0.19325012 | C762: -0.27967549 | D762: -0.5101833 | E762: -0.18901913
A763: VaR 95% Daily | B763: =-PERCENTILE('Daily Returns'!B2:'Daily Returns'!B752,0.05) | C763: =-PERCENTILE('Daily Returns'!C2:'Daily Returns'!C752,0.05) | D763: =-PERCENTILE('Daily Returns'!D2:'Daily Returns'!D752,0.05) | E763: =-PERCENTILE('Daily Returns'!E2:'Daily Returns'!E752,0.05)
A764: ES 95% Daily | B764: =-AVERAGEIF('Daily Returns'!B2:'Daily Returns'!B752,"<="&PERCENTILE('Daily Returns'!B2:'Daily Returns'!B752,0.05)) | C764: =-AVERAGEIF('Daily Returns'!C2:'Daily Returns'!C752,"<="&PERCENTILE('Daily Returns'!C2:'Daily Returns'!C752,0.05)) | D764: =-AVERAGEIF('Daily Returns'!D2:'Daily Returns'!D752,"<="&PERCENTILE('Daily Returns'!D2:'Daily Returns'!D752,0.05)) | E764: =-AVERAGEIF('Daily Returns'!E2:'Daily Returns'!E752,"<="&PERCENTILE('Daily Returns'!E2:'Daily Returns'!E752,0.05))
A766: * Max Drawdown: pre-computed (max peak-to-trough decline). All other metrics use 'Daily Returns' sheet formulas.
A768: RELATIVE METRICS vs S&P 500
A769: Beta | B769: =SLOPE('Daily Returns'!B2:'Daily Returns'!B752,'Daily Returns'!E2:'Daily Returns'!E752) | C769: =SLOPE('Daily Returns'!C2:'Daily Returns'!C752,'Daily Returns'!E2:'Daily Returns'!E752) | D769: =SLOPE('Daily Returns'!D2:'Daily Returns'!D752,'Daily Returns'!E2:'Daily Returns'!E752) | E769: —
A770: Alpha (Annualized) | B770: =(AVERAGE('Daily Returns'!B2:'Daily Returns'!B752)*252-0.04)-B769*(AVERAGE('Daily Returns'!E2:'Daily Returns'!E752)*252-0.04) | C770: =(AVERAGE('Daily Returns'!C2:'Daily Returns'!C752)*252-0.04)-C769*(AVERAGE('Daily Returns'!E2:'Daily Returns'!E752)*252-0.04) | D770: =(AVERAGE('Daily Returns'!D2:'Daily Returns'!D752)*252-0.04)-D769*(AVERAGE('Daily Returns'!E2:'Daily Returns'!E752)*252-0.04) | E770: —
A771: Treynor Ratio | B771: =(AVERAGE('Daily Returns'!B2:'Daily Returns'!B752)*252-0.04)/B769 | C771: =(AVERAGE('Daily Returns'!C2:'Daily Returns'!C752)*252-0.04)/C769 | D771: =(AVERAGE('Daily Returns'!D2:'Daily Returns'!D752)*252-0.04)/D769 | E771: —
A772: Excess Return | B772: =AVERAGE('Daily Returns'!B2:'Daily Returns'!B752)*252-AVERAGE('Daily Returns'!E2:'Daily Returns'!E752)*252 | C772: =AVERAGE('Daily Returns'!C2:'Daily Returns'!C752)*252-AVERAGE('Daily Returns'!E2:'Daily Returns'!E752)*252 | D772: =AVERAGE('Daily Returns'!D2:'Daily Returns'!D752)*252-AVERAGE('Daily Returns'!E2:'Daily Returns'!E752)*252 | E772: —
A773: Tracking Error | B773: =SQRT(SUMPRODUCT(('Daily Returns'!B2:'Daily Returns'!B752-'Daily Returns'!E2:'Daily Returns'!E752-AVERAGE('Daily Returns'!B2:'Daily Returns'!B752)+AVERAGE('Daily Returns'!E2:'Daily Returns'!E752))^2)/(ROWS('Daily Returns'!B2:'Daily Returns'!B752)-1))*SQRT(252) | C773: =SQRT(SUMPRODUCT(('Daily Returns'!C2:'Daily Returns'!C752-'Daily Returns'!E2:'Daily Returns'!E752-AVERAGE('Daily Returns'!C2:'Daily Returns'!C752)+AVERAGE('Daily Returns'!E2:'Daily Returns'!E752))^2)/(ROWS('Daily Returns'!C2:'Daily Returns'!C752)-1))*SQRT(252) | D773: =SQRT(SUMPRODUCT(('Daily Returns'!D2:'Daily Returns'!D752-'Daily Returns'!E2:'Daily Returns'!E752-AVERAGE('Daily Returns'!D2:'Daily Returns'!D752)+AVERAGE('Daily Returns'!E2:'Daily Returns'!E752))^2)/(ROWS('Daily Returns'!D2:'Daily Returns'!D752)-1))*SQRT(252) | E773: —
A774: Information Ratio | B774: =B772/B773 | C774: =C772/C773 | D774: =D772/D773 | E774: —

Sheet Daily Returns
A1: Date | B1: ARCC | C1: TSLX | D1: FSK | E1: ^GSPC
A2: ='Adj Close Prices'!A3 | B2: ='Adj Close Prices'!B3/'Adj Close Prices'!B2-1 | C2: ='Adj Close Prices'!C3/'Adj Close Prices'!C2-1 | D2: ='Adj Close Prices'!D3/'Adj Close Prices'!D2-1 | E2: ='Adj Close Prices'!E3/'Adj Close Prices'!E2-1
A3: ='Adj Close Prices'!A4 | B3: ='Adj Close Prices'!B4/'Adj Close Prices'!B3-1 | C3: ='Adj Close Prices'!C4/'Adj Close Prices'!C3-1 | D3: ='Adj Close Prices'!D4/'Adj Close Prices'!D3-1 | E3: ='Adj Close Prices'!E4/'Adj Close Prices'!E3-1
A4: ='Adj Close Prices'!A5 | B4: ='Adj Close Prices'!B5/'Adj Close Prices'!B4-1 | C4: ='Adj Close Prices'!C5/'Adj Close Prices'!C4-1 | D4: ='Adj Close Prices'!D5/'Adj Close Prices'!D4-1 | E4: ='Adj Close Prices'!E5/'Adj Close Prices'!E4-1
A5: ='Adj Close Prices'!A6 | B5: ='Adj Close Prices'!B6/'Adj Close Prices'!B5-1 | C5: ='Adj Close Prices'!C6/'Adj Close Prices'!C5-1 | D5: ='Adj Close Prices'!D6/'Adj Close Prices'!D5-1 | E5: ='Adj Close Prices'!E6/'Adj Close Prices'!E5-1
A6: ='Adj Close Prices'!A7 | B6: ='Adj Close Prices'!B7/'Adj Close Prices'!B6-1 | C6: ='Adj Close Prices'!C7/'Adj Close Prices'!C6-1 | D6: ='Adj Close Prices'!D7/'Adj Close Prices'!D6-1 | E6: ='Adj Close Prices'!E7/'Adj Close Prices'!E6-1
A7: ='Adj Close Prices'!A8 | B7: ='Adj Close Prices'!B8/'Adj Close Prices'!B7-1 | C7: ='Adj Close Prices'!C8/'Adj Close Prices'!C7-1 | D7: ='Adj Close Prices'!D8/'Adj Close Prices'!D7-1 | E7: ='Adj Close Prices'!E8/'Adj Close Prices'!E7-1
A8: ='Adj Close Prices'!A9 | B8: ='Adj Close Prices'!B9/'Adj Close Prices'!B8-1 | C8: ='Adj Close Prices'!C9/'Adj Close Prices'!C8-1 | D8: ='Adj Close Prices'!D9/'Adj Close Prices'!D8-1 | E8: ='Adj Close Prices'!E9/'Adj Close Prices'!E8-1
A9: ='Adj Close Prices'!A10 | B9: ='Adj Close Prices'!B10/'Adj Close Prices'!B9-1 | C9: ='Adj Close Prices'!C10/'Adj Close Prices'!C9-1 | D9: ='Adj Close Prices'!D10/'Adj Close Prices'!D9-1 | E9: ='Adj Close Prices'!E10/'Adj Close Prices'!E9-1
A10: ='Adj Close Prices'!A11 | B10: ='Adj Close Prices'!B11/'Adj Close Prices'!B10-1 | C10: ='Adj Close Prices'!C11/'Adj Close Prices'!C10-1 | D10: ='Adj Close Prices'!D11/'Adj Close Prices'!D10-1 | E10: ='Adj Close Prices'!E11/'Adj Close Prices'!E10-1
A11: ='Adj Close Prices'!A12 | B11: ='Adj Close Prices'!B12/'Adj Close Prices'!B11-1 | C11: ='Adj Close Prices'!C12/'Adj Close Prices'!C11-1 | D11: ='Adj Close Prices'!D12/'Adj Close Prices'!D11-1 | E11: ='Adj Close Prices'!E12/'Adj Close Prices'!E11-1
A12: ='Adj Close Prices'!A13 | B12: ='Adj Close Prices'!B13/'Adj Close Prices'!B12-1 | C12: ='Adj Close Prices'!C13/'Adj Close Prices'!C12-1 | D12: ='Adj Close Prices'!D13/'Adj Close Prices'!D12-1 | E12: ='Adj Close Prices'!E13/'Adj Close Prices'!E12-1
A13: ='Adj Close Prices'!A14 | B13: ='Adj Close Prices'!B14/'Adj Close Prices'!B13-1 | C13: ='Adj Close Prices'!C14/'Adj Close Prices'!C13-1 | D13: ='Adj Close Prices'!D14/'Adj Close Prices'!D13-1 | E13: ='Adj Close Prices'!E14/'Adj Close Prices'!E13-1
... A752: ='Adj Close Prices'!A753 | B752: ='Adj Close Prices'!B753/'Adj Close Prices'!B752-1 | C752: ='Adj Close Prices'!C753/'Adj Close Prices'!C752-1 | D752: ='Adj Close Prices'!D753/'Adj Close Prices'!D752-1 | E752: ='Adj Close Prices'!E753/'Adj Close Prices'!E752-1
